Object,Video_URL,Created_Date,YouTube_Status,Generation_Time
Glass Dragon Fruit,https://www.youtube.com/watch?v=fake_1790867263,2026-10-01 15:07,Live,0.0 min
Glass Grape,https://www.youtube.com/watch?v=fake_1790887662,2026-10-01 20:47,Live,0.0 min
Glass Pineapple,https://www.youtube.com/watch?v=fake_1790913782,2026-10-02 04:03,Live,0.0 min
Glass Apple,https://www.youtube.com/watch?v=fake_1790951204,2026-10-02 14:26,Live,0.0 min
Glass Peach,https://www.youtube.com/watch?v=fake_1790972557,2026-10-02 20:22,Live,0.0 min
Glass Strawberry,https://www.youtube.com/watch?v=fake_1790999252,2026-10-03 03:47,Live,0.0 min
Glass Mango,https://www.youtube.com/watch?v=fake_1791032504,2026-10-03 13:01,Live,0.0 min
Glass Cherry,https://www.youtube.com/watch?v=fake_1791053991,2026-10-03 18:59,Live,0.0 min
Glass Dragon Fruit,https://www.youtube.com/watch?v=fake_1791087470,2026-10-04 04:17,Live,0.0 min
Glass Grape,https://www.youtube.com/watch?v=fake_1791121223,2026-10-04 13:40,Live,0.0 min
Glass Pineapple,https://www.youtube.com/watch?v=fake_1791141025,2026-10-04 19:10,Live,0.0 min
Glass Apple,https://www.youtube.com/watch?v=fake_1791172947,2026-10-05 04:02,Live,0.0 min
Glass Peach,https://www.youtube.com/watch?v=fake_1791218836,2026-10-05 16:47,Live,0.0 min
Glass Strawberry,https://www.youtube.com/watch?v=fake_1791262287,2026-10-06 04:51,Live,0.0 min
Glass Mango,https://www.youtube.com/watch?v=fake_1791297843,2026-10-06 14:44,Live,0.0 min
Glass Cherry,https://www.youtube.com/watch?v=fake_1791319658,2026-10-06 20:47,Live,0.0 min
Glass Dragon Fruit,https://www.youtube.com/watch?v=fake_1791346665,2026-10-07 04:17,Live,0.0 min
Glass Grape,https://www.youtube.com/watch?v=fake_1791385472,2026-10-07 15:04,Live,0.0 min
Glass Pineapple,https://www.youtube.com/watch?v=fake_1791406776,2026-10-07 20:59,Live,0.0 min
Glass Apple,https://www.youtube.com/watch?v=fake_1791433791,2026-10-08 04:29,Live,0.0 min
